,,,,,,,,,
,,,,,,,,,
t,Oxazolidine,AB ICNR,AB IC,AC IC,BB IC,BC IC,AB 2 BC INT,A PYR,B PYR
0,10,0.00E+000,0.00E+000,0,0,0,0,0,0
0.0033388982,9.9993255518,1.37E-007,1.68E-013,2.94E-015,1.63E-012,3.23E-012,6.94E-012,1.87E-009,0.0006743095
0.0066777963,9.9986512859,1.37E-007,1.68E-013,2.73E-015,-2.93E-012,3.23E-012,6.94E-012,3.75E-009,0.0013485736
0.0100166945,9.9979770654,1.37E-007,1.68E-013,3.06E-015,4.24E-012,3.23E-012,6.94E-012,5.62E-009,0.0020227922
0.0133555927,9.9973028904,1.37E-007,1.68E-013,3.07E-015,4.49E-012,3.22E-012,6.94E-012,7.50E-009,0.0026969654
0.0166944908,9.9966287608,1.37E-007,1.68E-013,3.08E-015,4.71E-012,3.22E-012,6.94E-012,9.37E-009,0.0033710931
0.020033389,9.9959546767,1.37E-007,1.68E-013,3.09E-015,4.85E-012,3.22E-012,6.94E-012,1.12E-008,0.0040451753
0.0233722871,9.995280638,1.37E-007,1.68E-013,3.09E-015,4.85E-012,3.22E-012,6.94E-012,1.31E-008,0.0047192121
0.0267111853,9.9946066447,1.37E-007,1.68E-013,3.09E-015,4.95E-012,3.22E-012,6.94E-012,1.50E-008,0.0053932036
0.0300500835,9.9939326967,1.37E-007,1.68E-013,3.11E-015,5.25E-012,3.22E-012,6.94E-012,1.69E-008,0.0060671498
0.0333889816,9.9932587941,1.37E-007,1.68E-013,3.12E-015,5.52E-012,3.22E-012,6.94E-012,1.87E-008,0.0067410505
0.0367278798,9.9925849369,1.37E-007,1.68E-013,3.13E-015,5.75E-012,3.22E-012,6.94E-012,2.06E-008,0.0074149058
0.040066778,9.9919111252,1.37E-007,1.68E-013,3.14E-015,5.96E-012,3.22E-012,6.94E-012,2.25E-008,0.0080887157
0.0434056761,9.9912373589,1.37E-007,1.68E-013,3.15E-015,6.13E-012,3.22E-012,6.94E-012,2.44E-008,0.0087624801
0.0467445743,9.990563638,1.37E-007,1.68E-013,3.15E-015,6.27E-012,3.22E-012,6.94E-012,2.62E-008,0.0094361991
0.0500834725,9.9898899625,1.37E-007,1.68E-013,3.16E-015,6.38E-012,3.22E-012,6.94E-012,2.81E-008,0.0101098727
0.0534223706,9.9892163325,1.37E-007,1.68E-013,3.16E-015,6.45E-012,3.22E-012,6.94E-012,3.00E-008,0.0107835009
0.0567612688,9.9885427479,1.37E-007,1.68E-013,3.16E-015,6.50E-012,3.22E-012,6.94E-012,3.19E-008,0.0114570836
0.0601001669,9.9878692088,1.37E-007,1.68E-013,3.16E-015,6.51E-012,3.22E-012,6.93E-012,3.37E-008,0.0121306209
0.0634390651,9.987195715,1.37E-007,1.68E-013,3.16E-015,6.49E-012,3.22E-012,6.93E-012,3.56E-008,0.0128041128
0.0667779633,9.9865222667,1.37E-007,1.68E-013,3.16E-015,6.44E-012,3.22E-012,6.93E-012,3.75E-008,0.0134775592
0.0701168614,9.9858488639,1.37E-007,1.68E-013,3.15E-015,6.36E-012,3.22E-012,6.93E-012,3.94E-008,0.0141509602
0.0734557596,9.9851755064,1.37E-007,1.68E-013,3.15E-015,6.24E-012,3.22E-012,6.93E-012,4.12E-008,0.0148243158
0.0767946578,9.9845021944,1.37E-007,1.68E-013,3.14E-015,6.10E-012,3.22E-012,6.93E-012,4.31E-008,0.0154976259
0.0801335559,9.9838289279,1.37E-007,1.68E-013,3.13E-015,5.92E-012,3.22E-012,6.93E-012,4.50E-008,0.0161708906
0.0834724541,9.9831557067,1.37E-007,1.68E-013,3.12E-015,5.71E-012,3.22E-012,6.93E-012,4.69E-008,0.0168441099
0.0868113523,9.982482531,1.37E-007,1.68E-013,3.11E-015,5.47E-012,3.22E-012,6.93E-012,4.87E-008,0.0175172837
0.0901502504,9.9818094007,1.37E-007,1.68E-013,3.10E-015,5.19E-012,3.22E-012,6.93E-012,5.06E-008,0.0181904122
0.0934891486,9.9811363159,1.37E-007,1.68E-013,3.09E-015,4.89E-012,3.22E-012,6.93E-012,5.25E-008,0.0188634951
0.0968280467,9.980463276,1.36E-007,1.68E-013,3.08E-015,4.81E-012,3.22E-012,6.93E-012,5.43E-008,0.0195365331
0.1001669449,9.9797902815,1.36E-007,1.68E-013,3.08E-015,4.81E-012,3.22E-012,6.93E-012,5.62E-008,0.0202095258
0.1035058431,9.9791173323,1.36E-007,1.68E-013,3.08E-015,4.81E-012,3.22E-012,6.93E-012,5.81E-008,0.0208824732
0.1068447412,9.9784444284,1.36E-007,1.68E-013,3.08E-015,4.81E-012,3.22E-012,6.93E-012,6.00E-008,0.0215553751
0.1101836394,9.97777157,1.36E-007,1.68E-013,3.08E-015,4.81E-012,3.22E-012,6.93E-012,6.18E-008,0.0222282317
0.1135225376,9.9770987569,1.36E-007,1.68E-013,3.08E-015,4.81E-012,3.22E-012,6.93E-012,6.37E-008,0.0229010429
0.1168614357,9.9764259893,1.36E-007,1.68E-013,3.08E-015,4.81E-012,3.22E-012,6.93E-012,6.56E-008,0.0235738087
0.1202003339,9.975753267,1.36E-007,1.68E-013,3.08E-015,4.81E-012,3.22E-012,6.93E-012,6.75E-008,0.0242465291
0.1235392321,9.9750805901,1.36E-007,1.68E-013,3.08E-015,4.81E-012,3.22E-012,6.93E-012,6.93E-008,0.0249192042
0.1268781302,9.9744079585,1.36E-007,1.68E-013,3.08E-015,4.81E-012,3.22E-012,6.93E-012,7.12E-008,0.0255918339
0.1302170284,9.9737353724,1.36E-007,1.68E-013,3.08E-015,4.81E-012,3.22E-012,6.92E-012,7.31E-008,0.0262644182
0.1335559265,9.9730628316,1.36E-007,1.68E-013,3.08E-015,4.81E-012,3.22E-012,6.92E-012,7.49E-008,0.0269369571
0.1368948247,9.9723903362,1.36E-007,1.68E-013,3.08E-015,4.81E-012,3.22E-012,6.92E-012,7.68E-008,0.0276094506
0.1402337229,9.9717178862,1.36E-007,1.68E-013,3.08E-015,4.81E-012,3.22E-012,6.92E-012,7.87E-008,0.0282818988
0.143572621,9.9710454815,1.36E-007,1.68E-013,3.08E-015,4.80E-012,3.22E-012,6.92E-012,8.05E-008,0.0289543016
0.1469115192,9.9703731223,1.36E-007,1.68E-013,3.08E-015,4.80E-012,3.22E-012,6.92E-012,8.24E-008,0.029626659
0.1502504174,9.9697008084,1.36E-007,1.68E-013,3.08E-015,4.80E-012,3.22E-012,6.92E-012,8.43E-008,0.030298971
0.1535893155,9.9690285399,1.36E-007,1.68E-013,3.08E-015,4.80E-012,3.22E-012,6.92E-012,8.62E-008,0.0309712376
0.1569282137,9.9683563168,1.36E-007,1.68E-013,3.08E-015,4.80E-012,3.22E-012,6.92E-012,8.80E-008,0.0316434589
0.1602671119,9.967684139,1.36E-007,1.68E-013,3.08E-015,4.80E-012,3.22E-012,6.92E-012,8.99E-008,0.0323156347
0.16360601,9.9670120107,1.36E-007,1.68E-013,3.08E-015,4.79E-012,3.22E-012,6.92E-012,9.18E-008,0.0329877612
0.1669449082,9.9663399225,1.36E-007,1.68E-013,3.08E-015,4.79E-012,3.21E-012,6.92E-012,9.36E-008,0.0336598475
0.1702838063,9.9656678797,1.36E-007,1.68E-013,3.08E-015,4.79E-012,3.21E-012,6.92E-012,9.55E-008,0.0343318885
0.1736227045,9.9649958823,1.36E-007,1.68E-013,3.08E-015,4.79E-012,3.21E-012,6.92E-012,9.74E-008,0.0350038841
0.1769616027,9.9643239302,1.36E-007,1.68E-013,3.08E-015,4.79E-012,3.21E-012,6.92E-012,9.92E-008,0.0356758343
0.1803005008,9.9636520235,1.36E-007,1.68E-013,3.08E-015,4.79E-012,3.21E-012,6.92E-012,1.01E-007,0.0363477391
0.183639399,9.9629801621,1.36E-007,1.68E-013,3.08E-015,4.79E-012,3.21E-012,6.92E-012,1.03E-007,0.0370195986
0.1869782972,9.9623083462,1.36E-007,1.68E-013,3.08E-015,4.79E-012,3.21E-012,6.92E-012,1.05E-007,0.0376914127
0.1903171953,9.9616365755,1.36E-007,1.68E-013,3.08E-015,4.79E-012,3.21E-012,6.92E-012,1.07E-007,0.0383631815
0.1936560935,9.9609648503,1.36E-007,1.68E-013,3.08E-015,4.79E-012,3.21E-012,6.92E-012,1.09E-007,0.0390349049
0.1969949917,9.9602931704,1.36E-007,1.68E-013,3.08E-015,4.79E-012,3.21E-012,6.92E-012,1.10E-007,0.039706583
0.2003338898,9.9596215358,1.36E-007,1.68E-013,3.08E-015,4.79E-012,3.21E-012,6.92E-012,1.12E-007,0.0403782156
0.203672788,9.9589499466,1.36E-007,1.68E-013,3.08E-015,4.79E-012,3.21E-012,6.91E-012,1.14E-007,0.041049803
0.2070116861,9.9582784027,1.36E-007,1.68E-013,3.08E-015,4.79E-012,3.21E-012,6.91E-012,1.16E-007,0.041721345
0.2103505843,9.9576069042,1.36E-007,1.68E-013,3.07E-015,4.79E-012,3.21E-012,6.91E-012,1.18E-007,0.0423928417
0.2136894825,9.956935451,1.36E-007,1.68E-013,3.07E-015,4.79E-012,3.21E-012,6.91E-012,1.20E-007,0.043064293
0.2170283806,9.9562640432,1.36E-007,1.68E-013,3.07E-015,4.79E-012,3.21E-012,6.91E-012,1.22E-007,0.043735699
0.2203672788,9.9555926807,1.36E-007,1.68E-013,3.07E-015,4.79E-012,3.21E-012,6.91E-012,1.24E-007,0.0444070596
0.223706177,9.9549213635,1.36E-007,1.68E-013,3.07E-015,4.79E-012,3.21E-012,6.91E-012,1.25E-007,0.0450783749
0.2270450751,9.9542500917,1.36E-007,1.68E-013,3.07E-015,4.79E-012,3.21E-012,6.91E-012,1.27E-007,0.0457496449
0.2303839733,9.9535788651,1.36E-007,1.68E-013,3.07E-015,4.79E-012,3.21E-012,6.91E-012,1.29E-007,0.0464208696
0.2337228715,9.9529076837,1.36E-007,1.68E-013,3.07E-015,4.79E-012,3.21E-012,6.91E-012,1.31E-007,0.0470920491
0.2370617696,9.9522365475,1.36E-007,1.68E-013,3.07E-015,4.79E-012,3.21E-012,6.91E-012,1.33E-007,0.0477631835
0.2404006678,9.9515654565,1.36E-007,1.68E-013,3.07E-015,4.79E-012,3.21E-012,6.91E-012,1.35E-007,0.0484342727
0.2437395659,9.9508944108,1.36E-007,1.68E-013,3.07E-015,4.79E-012,3.21E-012,6.91E-012,1.37E-007,0.0491053165
0.2470784641,9.9502234103,1.36E-007,1.68E-013,3.07E-015,4.79E-012,3.21E-012,6.91E-012,1.38E-007,0.0497763151
0.2504173623,9.9495524552,1.36E-007,1.68E-013,3.07E-015,4.79E-012,3.21E-012,6.91E-012,1.40E-007,0.0504472684
0.2537562604,9.9488815453,1.36E-007,1.68E-013,3.07E-015,4.79E-012,3.21E-012,6.91E-012,1.42E-007,0.0511181765
0.2570951586,9.9482106806,1.36E-007,1.68E-013,3.07E-015,4.79E-012,3.21E-012,6.91E-012,1.44E-007,0.0517890393
0.2604340568,9.9475398612,1.36E-007,1.68E-013,3.07E-015,4.79E-012,3.21E-012,6.91E-012,1.46E-007,0.0524598568
0.2637729549,9.9468690871,1.36E-007,1.68E-013,3.07E-015,4.79E-012,3.21E-012,6.91E-012,1.48E-007,0.0531306291
0.2671118531,9.9461983582,1.36E-007,1.68E-013,3.07E-015,4.79E-012,3.21E-012,6.91E-012,1.50E-007,0.0538013561
0.2704507513,9.9455276745,1.36E-007,1.68E-013,3.07E-015,4.79E-012,3.21E-012,6.91E-012,1.52E-007,0.0544720379
0.2737896494,9.9448570361,1.36E-007,1.68E-013,3.07E-015,4.79E-012,3.21E-012,6.90E-012,1.53E-007,0.0551426745
0.2771285476,9.944186443,1.36E-007,1.68E-013,3.07E-015,4.79E-012,3.21E-012,6.90E-012,1.55E-007,0.0558132658
0.2804674457,9.943515895,1.36E-007,1.68E-013,3.07E-015,4.79E-012,3.21E-012,6.90E-012,1.57E-007,0.0564838119
0.2838063439,9.9428453923,1.36E-007,1.68E-013,3.07E-015,4.78E-012,3.21E-012,6.90E-012,1.59E-007,0.0571543127
0.2871452421,9.9421749348,1.36E-007,1.68E-013,3.07E-015,4.78E-012,3.21E-012,6.90E-012,1.61E-007,0.0578247683
0.2904841402,9.9415045226,1.36E-007,1.68E-013,3.07E-015,4.78E-012,3.21E-012,6.90E-012,1.63E-007,0.0584951788
0.2938230384,9.9408341555,1.36E-007,1.68E-013,3.07E-015,4.78E-012,3.21E-012,6.90E-012,1.65E-007,0.0591655439
0.2971619366,9.9401638337,1.36E-007,1.67E-013,3.07E-015,4.78E-012,3.21E-012,6.90E-012,1.66E-007,0.0598358639
0.3005008347,9.939493557,1.36E-007,1.67E-013,3.07E-015,4.78E-012,3.21E-012,6.90E-012,1.68E-007,0.0605061387
0.3038397329,9.9388233256,1.36E-007,1.67E-013,3.07E-015,4.78E-012,3.21E-012,6.90E-012,1.70E-007,0.0611763683
0.3071786311,9.9381531394,1.36E-007,1.67E-013,3.07E-015,4.78E-012,3.21E-012,6.90E-012,1.72E-007,0.0618465527
0.3105175292,9.9374829983,1.36E-007,1.67E-013,3.07E-015,4.78E-012,3.21E-012,6.90E-012,1.74E-007,0.0625166918
0.3138564274,9.9368129025,1.36E-007,1.67E-013,3.07E-015,4.78E-012,3.21E-012,6.90E-012,1.76E-007,0.0631867858
0.3171953255,9.9361428519,1.36E-007,1.67E-013,3.07E-015,4.78E-012,3.21E-012,6.90E-012,1.78E-007,0.0638568346
0.3205342237,9.9354728464,1.36E-007,1.67E-013,3.07E-015,4.78E-012,3.20E-012,6.90E-012,1.80E-007,0.0645268382
0.3238731219,9.9348028861,1.36E-007,1.67E-013,3.07E-015,4.78E-012,3.20E-012,6.90E-012,1.81E-007,0.0651967967
0.32721202,9.934132971,1.36E-007,1.67E-013,3.07E-015,4.78E-012,3.20E-012,6.90E-012,1.83E-007,0.0658667099
0.3305509182,9.933463101,1.36E-007,1.67E-013,3.07E-015,4.78E-012,3.20E-012,6.90E-012,1.85E-007,0.066536578
0.3338898164,9.9327932763,1.36E-007,1.67E-013,3.07E-015,4.78E-012,3.20E-012,6.90E-012,1.87E-007,0.0672064009
0.3372287145,9.9321234968,1.36E-007,1.67E-013,3.07E-015,4.78E-012,3.20E-012,6.90E-012,1.89E-007,0.0678761785
0.3405676127,9.9314537625,1.36E-007,1.67E-013,3.07E-015,4.78E-012,3.20E-012,6.90E-012,1.91E-007,0.068545911
0.3439065109,9.9307840733,1.36E-007,1.67E-013,3.07E-015,4.78E-012,3.20E-012,6.90E-012,1.93E-007,0.0692155983
0.347245409,9.9301144293,1.36E-007,1.67E-013,3.07E-015,4.78E-012,3.20E-012,6.89E-012,1.94E-007,0.0698852405
0.3505843072,9.9294448304,1.36E-007,1.67E-013,3.07E-015,4.78E-012,3.20E-012,6.89E-012,1.96E-007,0.0705548375
0.3539232053,9.9287752767,1.36E-007,1.67E-013,3.07E-015,4.78E-012,3.20E-012,6.89E-012,1.98E-007,0.0712243893
0.3572621035,9.9281057682,1.36E-007,1.67E-013,3.07E-015,4.78E-012,3.20E-012,6.89E-012,2.00E-007,0.071893896
0.3606010017,9.9274363048,1.36E-007,1.67E-013,3.07E-015,4.78E-012,3.20E-012,6.89E-012,2.02E-007,0.0725633575
0.3639398998,9.9267668866,1.36E-007,1.67E-013,3.07E-015,4.78E-012,3.20E-012,6.89E-012,2.04E-007,0.0732327739
0.367278798,9.9260975134,1.36E-007,1.67E-013,3.07E-015,4.78E-012,3.20E-012,6.89E-012,2.06E-007,0.0739021452
0.3706176962,9.9254281855,1.36E-007,1.67E-013,3.06E-015,4.78E-012,3.20E-012,6.89E-012,2.07E-007,0.0745714713
0.3739565943,9.9247589026,1.36E-007,1.67E-013,3.06E-015,4.78E-012,3.20E-012,6.89E-012,2.09E-007,0.0752407523
0.3772954925,9.9240896649,1.36E-007,1.67E-013,3.06E-015,4.78E-012,3.20E-012,6.89E-012,2.11E-007,0.0759099882
0.3806343907,9.9234204723,1.36E-007,1.67E-013,3.06E-015,4.77E-012,3.20E-012,6.89E-012,2.13E-007,0.0765791789
0.3839732888,9.9227513249,1.36E-007,1.67E-013,3.06E-015,4.77E-012,3.20E-012,6.89E-012,2.15E-007,0.0772483245
0.387312187,9.9220822225,1.36E-007,1.67E-013,3.06E-015,4.77E-012,3.20E-012,6.89E-012,2.17E-007,0.077917425
0.3906510851,9.9214131653,1.36E-007,1.67E-013,3.06E-015,4.77E-012,3.20E-012,6.89E-012,2.19E-007,0.0785864804
0.3939899833,9.9207441532,1.36E-007,1.67E-013,3.06E-015,4.77E-012,3.20E-012,6.89E-012,2.20E-007,0.0792554907
0.3973288815,9.9200751862,1.36E-007,1.67E-013,3.06E-015,4.77E-012,3.20E-012,6.89E-012,2.22E-007,0.0799244558
0.4006677796,9.9194062642,1.36E-007,1.67E-013,3.06E-015,4.77E-012,3.20E-012,6.89E-012,2.24E-007,0.0805933759
0.4040066778,9.9187373874,1.36E-007,1.67E-013,3.06E-015,4.77E-012,3.20E-012,6.89E-012,2.26E-007,0.0812622508
0.407345576,9.9180685557,1.36E-007,1.67E-013,3.06E-015,4.77E-012,3.20E-012,6.89E-012,2.28E-007,0.0819310807
0.4106844741,9.9173997691,1.36E-007,1.67E-013,3.06E-015,4.77E-012,3.20E-012,6.89E-012,2.30E-007,0.0825998655
0.4140233723,9.9167310276,1.36E-007,1.67E-013,3.06E-015,4.77E-012,3.20E-012,6.89E-012,2.32E-007,0.0832686052
0.4173622705,9.9160623311,1.36E-007,1.67E-013,3.06E-015,4.77E-012,3.20E-012,6.88E-012,2.34E-007,0.0839372998
0.4207011686,9.9153936797,1.36E-007,1.67E-013,3.06E-015,4.77E-012,3.20E-012,6.88E-012,2.35E-007,0.0846059493
0.4240400668,9.9147250734,1.36E-007,1.67E-013,3.06E-015,4.77E-012,3.20E-012,6.88E-012,2.37E-007,0.0852745537
0.4273789649,9.9140565122,1.36E-007,1.67E-013,3.06E-015,4.76E-012,3.20E-012,6.88E-012,2.39E-007,0.0859431131
0.4307178631,9.9133879961,1.36E-007,1.67E-013,3.06E-015,4.76E-012,3.20E-012,6.88E-012,2.41E-007,0.0866116274
0.4340567613,9.912719525,1.36E-007,1.67E-013,3.06E-015,4.76E-012,3.20E-012,6.88E-012,2.43E-007,0.0872800966
0.4373956594,9.9120510991,1.36E-007,1.67E-013,3.06E-015,4.76E-012,3.20E-012,6.88E-012,2.45E-007,0.0879485206
0.4407345576,9.9113827183,1.36E-007,1.67E-013,3.06E-015,4.76E-012,3.20E-012,6.88E-012,2.47E-007,0.0886168996
0.4440734558,9.9107143826,1.36E-007,1.67E-013,3.06E-015,4.76E-012,3.20E-012,6.88E-012,2.48E-007,0.0892852335
0.4474123539,9.9100460919,1.36E-007,1.67E-013,3.06E-015,4.76E-012,3.20E-012,6.88E-012,2.50E-007,0.0899535223
0.4507512521,9.9093778463,1.36E-007,1.67E-013,3.06E-015,4.76E-012,3.20E-012,6.88E-012,2.52E-007,0.0906217661
0.4540901503,9.9087096457,1.36E-007,1.67E-013,3.06E-015,4.76E-012,3.20E-012,6.88E-012,2.54E-007,0.0912899648
0.4574290484,9.9080414902,1.36E-007,1.67E-013,3.06E-015,4.76E-012,3.20E-012,6.88E-012,2.56E-007,0.0919581184
0.4607679466,9.9073733798,1.35E-007,1.67E-013,3.06E-015,4.76E-012,3.20E-012,6.88E-012,2.58E-007,0.092626227
0.4641068447,9.9067053144,1.35E-007,1.67E-013,3.06E-015,4.76E-012,3.20E-012,6.88E-012,2.60E-007,0.0932942906
0.4674457429,9.906037294,1.35E-007,1.67E-013,3.06E-015,4.76E-012,3.20E-012,6.88E-012,2.61E-007,0.0939623091
0.4707846411,9.9053693187,1.35E-007,1.67E-013,3.06E-015,4.76E-012,3.20E-012,6.88E-012,2.63E-007,0.0946302826
0.4741235392,9.9047013884,1.35E-007,1.67E-013,3.06E-015,4.76E-012,3.20E-012,6.88E-012,2.65E-007,0.095298211
0.4774624374,9.9040335032,1.35E-007,1.67E-013,3.06E-015,4.76E-012,3.19E-012,6.88E-012,2.67E-007,0.0959660944
0.4808013356,9.903365663,1.35E-007,1.67E-013,3.06E-015,4.76E-012,3.19E-012,6.88E-012,2.69E-007,0.0966339327
0.4841402337,9.9026978678,1.35E-007,1.67E-013,3.06E-015,4.76E-012,3.19E-012,6.88E-012,2.71E-007,0.0973017261
0.4874791319,9.9020301177,1.35E-007,1.67E-013,3.06E-015,4.76E-012,3.19E-012,6.88E-012,2.73E-007,0.0979694744
0.4908180301,9.9013624125,1.35E-007,1.67E-013,3.06E-015,4.76E-012,3.19E-012,6.87E-012,2.74E-007,0.0986371776
0.4941569282,9.9006947524,1.35E-007,1.67E-013,3.06E-015,4.76E-012,3.19E-012,6.87E-012,2.76E-007,0.0993048359
0.4974958264,9.9000271373,1.35E-007,1.67E-013,3.06E-015,4.76E-012,3.19E-012,6.87E-012,2.78E-007,0.0999724491
0.5008347245,9.8993595673,1.35E-007,1.67E-013,3.06E-015,4.76E-012,3.19E-012,6.87E-012,2.80E-007,0.1006400174
0.5041736227,9.8986920422,1.35E-007,1.67E-013,3.06E-015,4.76E-012,3.19E-012,6.87E-012,2.82E-007,0.1013075406
0.5075125209,9.8980245621,1.35E-007,1.67E-013,3.06E-015,4.76E-012,3.19E-012,6.87E-012,2.84E-007,0.1019750188
0.510851419,9.8973571271,1.35E-007,1.67E-013,3.06E-015,4.76E-012,3.19E-012,6.87E-012,2.86E-007,0.102642452
0.5141903172,9.896689737,1.35E-007,1.67E-013,3.06E-015,4.76E-012,3.19E-012,6.87E-012,2.87E-007,0.1033098402
0.5175292154,9.8960223919,1.35E-007,1.67E-013,3.06E-015,4.76E-012,3.19E-012,6.87E-012,2.89E-007,0.1039771835
0.5208681135,9.8953550919,1.35E-007,1.67E-013,3.06E-015,4.77E-012,3.19E-012,6.87E-012,2.91E-007,0.1046444817
0.5242070117,9.8946878368,1.35E-007,1.67E-013,3.06E-015,4.77E-012,3.19E-012,6.87E-012,2.93E-007,0.1053117349
0.5275459099,9.8940206267,1.35E-007,1.67E-013,3.06E-015,4.77E-012,3.19E-012,6.87E-012,2.95E-007,0.1059789432
0.530884808,9.8933534616,1.35E-007,1.67E-013,3.06E-015,4.77E-012,3.19E-012,6.87E-012,2.97E-007,0.1066461064
0.5342237062,9.8926863415,1.35E-007,1.67E-013,3.06E-015,4.77E-012,3.19E-012,6.87E-012,2.99E-007,0.1073132247
0.5375626043,9.8920192664,1.35E-007,1.67E-013,3.05E-015,4.77E-012,3.19E-012,6.87E-012,3.00E-007,0.1079802979
0.5409015025,9.8913522363,1.35E-007,1.67E-013,3.05E-015,4.77E-012,3.19E-012,6.87E-012,3.02E-007,0.1086473262
0.5442404007,9.8906852511,1.35E-007,1.67E-013,3.05E-015,4.77E-012,3.19E-012,6.87E-012,3.04E-007,0.1093143095
0.5475792988,9.890018311,1.35E-007,1.67E-013,3.05E-015,4.77E-012,3.19E-012,6.87E-012,3.06E-007,0.1099812478
0.550918197,9.8893514158,1.35E-007,1.67E-013,3.05E-015,4.77E-012,3.19E-012,6.87E-012,3.08E-007,0.1106481411
0.5542570952,9.8886845656,1.35E-007,1.67E-013,3.05E-015,4.77E-012,3.19E-012,6.87E-012,3.10E-007,0.1113149895
0.5575959933,9.8880177603,1.35E-007,1.67E-013,3.05E-015,4.77E-012,3.19E-012,6.87E-012,3.12E-007,0.1119817929
0.5609348915,9.887351,1.35E-007,1.67E-013,3.05E-015,4.77E-012,3.19E-012,6.86E-012,3.13E-007,0.1126485514
0.5642737896,9.8866842847,1.35E-007,1.67E-013,3.05E-015,4.77E-012,3.19E-012,6.86E-012,3.15E-007,0.1133152648
0.5676126878,9.8860176143,1.35E-007,1.67E-013,3.05E-015,4.77E-012,3.19E-012,6.86E-012,3.17E-007,0.1139819334
0.570951586,9.8853509889,1.35E-007,1.67E-013,3.05E-015,4.76E-012,3.19E-012,6.86E-012,3.19E-007,0.114648557
0.5742904841,9.8846844084,1.35E-007,1.67E-013,3.05E-015,4.76E-012,3.19E-012,6.86E-012,3.21E-007,0.1153151356
0.5776293823,9.8840178729,1.35E-007,1.67E-013,3.05E-015,4.76E-012,3.19E-012,6.86E-012,3.23E-007,0.1159816693
0.5809682805,9.8833513823,1.35E-007,1.67E-013,3.05E-015,4.76E-012,3.19E-012,6.86E-012,3.25E-007,0.116648158
0.5843071786,9.8826849367,1.35E-007,1.67E-013,3.05E-015,4.76E-012,3.19E-012,6.86E-012,3.26E-007,0.1173146018
0.5876460768,9.882018536,1.35E-007,1.67E-013,3.05E-015,4.76E-012,3.19E-012,6.86E-012,3.28E-007,0.1179810007
0.590984975,9.8813521802,1.35E-007,1.67E-013,3.05E-015,4.76E-012,3.19E-012,6.86E-012,3.30E-007,0.1186473546
0.5943238731,9.8806858693,1.35E-007,1.66E-013,3.05E-015,4.76E-012,3.19E-012,6.86E-012,3.32E-007,0.1193136636
0.5976627713,9.8800196034,1.35E-007,1.66E-013,3.05E-015,4.76E-012,3.19E-012,6.86E-012,3.34E-007,0.1199799277
0.6010016694,9.8793533824,1.35E-007,1.66E-013,3.05E-015,4.76E-012,3.19E-012,6.86E-012,3.36E-007,0.1206461468
0.6043405676,9.8786872064,1.35E-007,1.66E-013,3.05E-015,4.75E-012,3.19E-012,6.86E-012,3.37E-007,0.121312321
0.6076794658,9.8780210752,1.35E-007,1.66E-013,3.05E-015,4.75E-012,3.19E-012,6.86E-012,3.39E-007,0.1219784503
0.6110183639,9.877354989,1.35E-007,1.66E-013,3.05E-015,4.75E-012,3.19E-012,6.86E-012,3.41E-007,0.1226445347
0.6143572621,9.8766889477,1.35E-007,1.66E-013,3.05E-015,4.75E-012,3.19E-012,6.86E-012,3.43E-007,0.1233105742
0.6176961603,9.8760229512,1.35E-007,1.66E-013,3.05E-015,4.75E-012,3.19E-012,6.86E-012,3.45E-007,0.1239765688
0.6210350584,9.8753569997,1.35E-007,1.66E-013,3.05E-015,4.75E-012,3.19E-012,6.86E-012,3.47E-007,0.1246425184
0.6243739566,9.8746910931,1.35E-007,1.66E-013,3.05E-015,4.74E-012,3.19E-012,6.86E-012,3.49E-007,0.1253084232
0.6277128548,9.8740252314,1.35E-007,1.66E-013,3.05E-015,4.74E-012,3.19E-012,6.86E-012,3.50E-007,0.1259742831
0.6310517529,9.8733594146,1.35E-007,1.66E-013,3.05E-015,4.74E-012,3.18E-012,6.86E-012,3.52E-007,0.126640098
0.6343906511,9.8726936427,1.35E-007,1.66E-013,3.05E-015,4.74E-012,3.18E-012,6.85E-012,3.54E-007,0.1273058681
0.6377295492,9.8720279157,1.35E-007,1.66E-013,3.05E-015,4.74E-012,3.18E-012,6.85E-012,3.56E-007,0.1279715932
0.6410684474,9.8713622336,1.35E-007,1.66E-013,3.05E-015,4.74E-012,3.18E-012,6.85E-012,3.58E-007,0.1286372735
0.6444073456,9.8706965964,1.35E-007,1.66E-013,3.05E-015,4.74E-012,3.18E-012,6.85E-012,3.60E-007,0.1293029089
0.6477462437,9.8700310041,1.35E-007,1.66E-013,3.05E-015,4.74E-012,3.18E-012,6.85E-012,3.62E-007,0.1299684993
0.6510851419,9.8693654566,1.35E-007,1.66E-013,3.05E-015,4.73E-012,3.18E-012,6.85E-012,3.63E-007,0.1306340449
0.6544240401,9.8686999541,1.35E-007,1.66E-013,3.05E-015,4.73E-012,3.18E-012,6.85E-012,3.65E-007,0.1312995457
0.6577629382,9.8680344964,1.35E-007,1.66E-013,3.05E-015,4.73E-012,3.18E-012,6.85E-012,3.67E-007,0.1319650015
0.6611018364,9.8673690836,1.35E-007,1.66E-013,3.05E-015,4.73E-012,3.18E-012,6.85E-012,3.69E-007,0.1326304125
0.6644407346,9.8667037156,1.35E-007,1.66E-013,3.05E-015,4.73E-012,3.18E-012,6.85E-012,3.71E-007,0.1332957786
0.6677796327,9.8660383925,1.35E-007,1.66E-013,3.05E-015,4.73E-012,3.18E-012,6.85E-012,3.73E-007,0.1339610999
0.6711185309,9.8653731143,1.35E-007,1.66E-013,3.05E-015,4.73E-012,3.18E-012,6.85E-012,3.75E-007,0.1346263762
0.674457429,9.8647078809,1.35E-007,1.66E-013,3.05E-015,4.73E-012,3.18E-012,6.85E-012,3.76E-007,0.1352916078
0.6777963272,9.8640426924,1.35E-007,1.66E-013,3.05E-015,4.73E-012,3.18E-012,6.85E-012,3.78E-007,0.1359567944
0.6811352254,9.8633775488,1.35E-007,1.66E-013,3.05E-015,4.73E-012,3.18E-012,6.85E-012,3.80E-007,0.1366219362
0.6844741235,9.86271245,1.35E-007,1.66E-013,3.04E-015,4.73E-012,3.18E-012,6.85E-012,3.82E-007,0.1372870332
0.6878130217,9.862047396,1.35E-007,1.66E-013,3.04E-015,4.73E-012,3.18E-012,6.85E-012,3.84E-007,0.1379520853
0.6911519199,9.8613823869,1.35E-007,1.66E-013,3.04E-015,4.73E-012,3.18E-012,6.85E-012,3.86E-007,0.1386170926
0.694490818,9.8607174227,1.35E-007,1.66E-013,3.04E-015,4.73E-012,3.18E-012,6.85E-012,3.87E-007,0.139282055
0.6978297162,9.8600525032,1.35E-007,1.66E-013,3.04E-015,4.73E-012,3.18E-012,6.85E-012,3.89E-007,0.1399469726
0.7011686144,9.8593876286,1.35E-007,1.66E-013,3.04E-015,4.73E-012,3.18E-012,6.85E-012,3.91E-007,0.1406118453
0.7045075125,9.8587227989,1.35E-007,1.66E-013,3.04E-015,4.73E-012,3.18E-012,6.85E-012,3.93E-007,0.1412766733
0.7078464107,9.8580580139,1.35E-007,1.66E-013,3.04E-015,4.73E-012,3.18E-012,6.84E-012,3.95E-007,0.1419414564
0.7111853088,9.8573932738,1.35E-007,1.66E-013,3.04E-015,4.73E-012,3.18E-012,6.84E-012,3.97E-007,0.1426061946
0.714524207,9.8567285786,1.35E-007,1.66E-013,3.04E-015,4.73E-012,3.18E-012,6.84E-012,3.99E-007,0.1432708881
0.7178631052,9.8560639281,1.35E-007,1.66E-013,3.04E-015,4.73E-012,3.18E-012,6.84E-012,4.00E-007,0.1439355367
0.7212020033,9.8553993225,1.35E-007,1.66E-013,3.04E-015,4.73E-012,3.18E-012,6.84E-012,4.02E-007,0.1446001405
0.7245409015,9.8547347616,1.35E-007,1.66E-013,3.04E-015,4.73E-012,3.18E-012,6.84E-012,4.04E-007,0.1452646995
0.7278797997,9.8540702456,1.35E-007,1.66E-013,3.04E-015,4.73E-012,3.18E-012,6.84E-012,4.06E-007,0.1459292136
0.7312186978,9.8534057744,1.35E-007,1.66E-013,3.04E-015,4.73E-012,3.18E-012,6.84E-012,4.08E-007,0.146593683
0.734557596,9.852741348,1.35E-007,1.66E-013,3.04E-015,4.73E-012,3.18E-012,6.84E-012,4.10E-007,0.1472581076
0.7378964942,9.8520769664,1.35E-007,1.66E-013,3.04E-015,4.73E-012,3.18E-012,6.84E-012,4.12E-007,0.1479224873
0.7412353923,9.8514126296,1.35E-007,1.66E-013,3.04E-015,4.73E-012,3.18E-012,6.84E-012,4.13E-007,0.1485868223
0.7445742905,9.8507483376,1.35E-007,1.66E-013,3.04E-015,4.73E-012,3.18E-012,6.84E-012,4.15E-007,0.1492511125
0.7479131886,9.8500840904,1.35E-007,1.66E-013,3.04E-015,4.73E-012,3.18E-012,6.84E-012,4.17E-007,0.1499153578
0.7512520868,9.8494198879,1.35E-007,1.66E-013,3.04E-015,4.73E-012,3.18E-012,6.84E-012,4.19E-007,0.1505795584
0.754590985,9.8487557303,1.35E-007,1.66E-013,3.04E-015,4.73E-012,3.18E-012,6.84E-012,4.21E-007,0.1512437142
0.7579298831,9.8480916175,1.35E-007,1.66E-013,3.04E-015,4.73E-012,3.18E-012,6.84E-012,4.23E-007,0.1519078252
0.7612687813,9.8474275494,1.35E-007,1.66E-013,3.04E-015,4.73E-012,3.18E-012,6.84E-012,4.24E-007,0.1525718915
0.7646076795,9.8467635261,1.35E-007,1.66E-013,3.04E-015,4.73E-012,3.18E-012,6.84E-012,4.26E-007,0.1532359129
0.7679465776,9.8460995476,1.35E-007,1.66E-013,3.04E-015,4.73E-012,3.18E-012,6.84E-012,4.28E-007,0.1538998896
0.7712854758,9.8454356138,1.35E-007,1.66E-013,3.04E-015,4.73E-012,3.18E-012,6.84E-012,4.30E-007,0.1545638215
0.774624374,9.8447717249,1.35E-007,1.66E-013,3.04E-015,4.74E-012,3.18E-012,6.84E-012,4.32E-007,0.1552277086
0.7779632721,9.8441078807,1.35E-007,1.66E-013,3.04E-015,4.74E-012,3.18E-012,6.83E-012,4.34E-007,0.155891551
0.7813021703,9.8434440812,1.35E-007,1.66E-013,3.04E-015,4.74E-012,3.18E-012,6.83E-012,4.36E-007,0.1565553486
0.7846410684,9.8427803265,1.35E-007,1.66E-013,3.04E-015,4.74E-012,3.18E-012,6.83E-012,4.37E-007,0.1572191015
0.7879799666,9.8421166166,1.35E-007,1.66E-013,3.04E-015,4.74E-012,3.17E-012,6.83E-012,4.39E-007,0.1578828096
0.7913188648,9.8414529514,1.35E-007,1.66E-013,3.04E-015,4.74E-012,3.17E-012,6.83E-012,4.41E-007,0.1585464729
0.7946577629,9.840789331,1.35E-007,1.66E-013,3.04E-015,4.74E-012,3.17E-012,6.83E-012,4.43E-007,0.1592100915
0.7979966611,9.8401257553,1.35E-007,1.66E-013,3.04E-015,4.74E-012,3.17E-012,6.83E-012,4.45E-007,0.1598736653
0.8013355593,9.8394622244,1.35E-007,1.66E-013,3.04E-015,4.74E-012,3.17E-012,6.83E-012,4.47E-007,0.1605371944
0.8046744574,9.8387987382,1.35E-007,1.66E-013,3.04E-015,4.74E-012,3.17E-012,6.83E-012,4.48E-007,0.1612006787
0.8080133556,9.8381352968,1.35E-007,1.66E-013,3.04E-015,4.74E-012,3.17E-012,6.83E-012,4.50E-007,0.1618641183
0.8113522538,9.8374719001,1.35E-007,1.66E-013,3.04E-015,4.74E-012,3.17E-012,6.83E-012,4.52E-007,0.1625275132
0.8146911519,9.8368085481,1.35E-007,1.66E-013,3.04E-015,4.74E-012,3.17E-012,6.83E-012,4.54E-007,0.1631908633
0.8180300501,9.8361452409,1.35E-007,1.66E-013,3.04E-015,4.74E-012,3.17E-012,6.83E-012,4.56E-007,0.1638541687
0.8213689482,9.8354819784,1.35E-007,1.66E-013,3.04E-015,4.74E-012,3.17E-012,6.83E-012,4.58E-007,0.1645174294
0.8247078464,9.8348187606,1.35E-007,1.66E-013,3.04E-015,4.74E-012,3.17E-012,6.83E-012,4.60E-007,0.1651806454
0.8280467446,9.8341555875,1.34E-007,1.66E-013,3.04E-015,4.74E-012,3.17E-012,6.83E-012,4.61E-007,0.1658438166
0.8313856427,9.8334924592,1.34E-007,1.66E-013,3.04E-015,4.74E-012,3.17E-012,6.83E-012,4.63E-007,0.1665069431
0.8347245409,9.8328293756,1.34E-007,1.66E-013,3.04E-015,4.74E-012,3.17E-012,6.83E-012,4.65E-007,0.1671700249
0.8380634391,9.8321663366,1.34E-007,1.66E-013,3.04E-015,4.74E-012,3.17E-012,6.83E-012,4.67E-007,0.167833062
0.8414023372,9.8315033424,1.34E-007,1.66E-013,3.04E-015,4.74E-012,3.17E-012,6.83E-012,4.69E-007,0.1684960544
0.8447412354,9.8308403929,1.34E-007,1.66E-013,3.04E-015,4.74E-012,3.17E-012,6.83E-012,4.71E-007,0.169159002
0.8480801336,9.8301774881,1.34E-007,1.66E-013,3.04E-015,4.74E-012,3.17E-012,6.83E-012,4.72E-007,0.169821905
0.8514190317,9.829514628,1.34E-007,1.66E-013,3.04E-015,4.74E-012,3.17E-012,6.82E-012,4.74E-007,0.1704847633
0.8547579299,9.8288518126,1.34E-007,1.66E-013,3.04E-015,4.74E-012,3.17E-012,6.82E-012,4.76E-007,0.1711475768
0.858096828,9.8281890419,1.34E-007,1.66E-013,3.04E-015,4.74E-012,3.17E-012,6.82E-012,4.78E-007,0.1718103457
0.8614357262,9.8275263159,1.34E-007,1.66E-013,3.03E-015,4.74E-012,3.17E-012,6.82E-012,4.80E-007,0.1724730699
0.8647746244,9.8268636346,1.34E-007,1.66E-013,3.03E-015,4.74E-012,3.17E-012,6.82E-012,4.82E-007,0.1731357494
0.8681135225,9.8262009979,1.34E-007,1.66E-013,3.03E-015,4.74E-012,3.17E-012,6.82E-012,4.84E-007,0.1737983842
0.8714524207,9.8255384059,1.34E-007,1.66E-013,3.03E-015,4.73E-012,3.17E-012,6.82E-012,4.85E-007,0.1744609743
0.8747913189,9.8248758587,1.34E-007,1.66E-013,3.03E-015,4.73E-012,3.17E-012,6.82E-012,4.87E-007,0.1751235198
0.878130217,9.8242133561,1.34E-007,1.66E-013,3.03E-015,4.73E-012,3.17E-012,6.82E-012,4.89E-007,0.1757860205
0.8814691152,9.8235508981,1.34E-007,1.66E-013,3.03E-015,4.73E-012,3.17E-012,6.82E-012,4.91E-007,0.1764484766
0.8848080134,9.8228884849,1.34E-007,1.66E-013,3.03E-015,4.73E-012,3.17E-012,6.82E-012,4.93E-007,0.1771108881
0.8881469115,9.8222261163,1.34E-007,1.66E-013,3.03E-015,4.73E-012,3.17E-012,6.82E-012,4.95E-007,0.1777732548
0.8914858097,9.8215637923,1.34E-007,1.65E-013,3.03E-015,4.73E-012,3.17E-012,6.82E-012,4.96E-007,0.1784355769
0.8948247078,9.8209015131,1.34E-007,1.65E-013,3.03E-015,4.73E-012,3.17E-012,6.82E-012,4.98E-007,0.1790978544
0.898163606,9.8202392784,1.34E-007,1.65E-013,3.03E-015,4.73E-012,3.17E-012,6.82E-012,5.00E-007,0.1797600872
0.9015025042,9.8195770885,1.34E-007,1.65E-013,3.03E-015,4.73E-012,3.17E-012,6.82E-012,5.02E-007,0.1804222753
0.9048414023,9.8189149432,1.34E-007,1.65E-013,3.03E-015,4.73E-012,3.17E-012,6.82E-012,5.04E-007,0.1810844188
0.9081803005,9.8182528425,1.34E-007,1.65E-013,3.03E-015,4.73E-012,3.17E-012,6.82E-012,5.06E-007,0.1817465176
0.9115191987,9.8175907865,1.34E-007,1.65E-013,3.03E-015,4.73E-012,3.17E-012,6.82E-012,5.07E-007,0.1824085718
0.9148580968,9.8169287751,1.34E-007,1.65E-013,3.03E-015,4.73E-012,3.17E-012,6.82E-012,5.09E-007,0.1830705813
0.918196995,9.8162668084,1.34E-007,1.65E-013,3.03E-015,4.73E-012,3.17E-012,6.82E-012,5.11E-007,0.1837325462
0.9215358932,9.8156048863,1.34E-007,1.65E-013,3.03E-015,4.73E-012,3.17E-012,6.82E-012,5.13E-007,0.1843944664
0.9248747913,9.8149430089,1.34E-007,1.65E-013,3.03E-015,4.73E-012,3.17E-012,6.81E-012,5.15E-007,0.1850563421
0.9282136895,9.814281176,1.34E-007,1.65E-013,3.03E-015,4.73E-012,3.17E-012,6.81E-012,5.17E-007,0.1857181731
0.9315525876,9.8136193878,1.34E-007,1.65E-013,3.03E-015,4.73E-012,3.17E-012,6.81E-012,5.19E-007,0.1863799594
0.9348914858,9.8129576443,1.34E-007,1.65E-013,3.03E-015,4.73E-012,3.17E-012,6.81E-012,5.20E-007,0.1870417012
0.938230384,9.8122959453,1.34E-007,1.65E-013,3.03E-015,4.72E-012,3.17E-012,6.81E-012,5.22E-007,0.1877033983
0.9415692821,9.811634291,1.34E-007,1.65E-013,3.03E-015,4.72E-012,3.17E-012,6.81E-012,5.24E-007,0.1883650508
0.9449081803,9.8109726813,1.34E-007,1.65E-013,3.03E-015,4.72E-012,3.16E-012,6.81E-012,5.26E-007,0.1890266587
0.9482470785,9.8103111162,1.34E-007,1.65E-013,3.03E-015,4.72E-012,3.16E-012,6.81E-012,5.28E-007,0.1896882219
0.9515859766,9.8096495957,1.34E-007,1.65E-013,3.03E-015,4.72E-012,3.16E-012,6.81E-012,5.30E-007,0.1903497406
0.9549248748,9.8089881198,1.34E-007,1.65E-013,3.03E-015,4.72E-012,3.16E-012,6.81E-012,5.31E-007,0.1910112147
0.958263773,9.8083266885,1.34E-007,1.65E-013,3.03E-015,4.72E-012,3.16E-012,6.81E-012,5.33E-007,0.1916726441
0.9616026711,9.8076653018,1.34E-007,1.65E-013,3.03E-015,4.72E-012,3.16E-012,6.81E-012,5.35E-007,0.192334029
0.9649415693,9.8070039598,1.34E-007,1.65E-013,3.03E-015,4.72E-012,3.16E-012,6.81E-012,5.37E-007,0.1929953692
0.9682804674,9.8063426623,1.34E-007,1.65E-013,3.03E-015,4.72E-012,3.16E-012,6.81E-012,5.39E-007,0.1936566649
0.9716193656,9.8056814094,1.34E-007,1.65E-013,3.03E-015,4.72E-012,3.16E-012,6.81E-012,5.41E-007,0.1943179159
0.9749582638,9.8050202011,1.34E-007,1.65E-013,3.03E-015,4.72E-012,3.16E-012,6.81E-012,5.42E-007,0.1949791224
0.9782971619,9.8043590374,1.34E-007,1.65E-013,3.03E-015,4.72E-012,3.16E-012,6.81E-012,5.44E-007,0.1956402843
0.9816360601,9.8036979182,1.34E-007,1.65E-013,3.03E-015,4.72E-012,3.16E-012,6.81E-012,5.46E-007,0.1963014016
0.9849749583,9.8030368437,1.34E-007,1.65E-013,3.03E-015,4.72E-012,3.16E-012,6.81E-012,5.48E-007,0.1969624743
0.9883138564,9.8023758137,1.34E-007,1.65E-013,3.03E-015,4.72E-012,3.16E-012,6.81E-012,5.50E-007,0.1976235025
0.9916527546,9.8017148283,1.34E-007,1.65E-013,3.03E-015,4.72E-012,3.16E-012,6.81E-012,5.52E-007,0.198284486
0.9949916528,9.8010538875,1.34E-007,1.65E-013,3.03E-015,4.72E-012,3.16E-012,6.80E-012,5.53E-007,0.198945425
0.9983305509,9.8003929912,1.34E-007,1.65E-013,3.03E-015,4.72E-012,3.16E-012,6.80E-012,5.55E-007,0.1996063195
1.0016694491,9.7997321395,1.34E-007,1.65E-013,3.03E-015,4.72E-012,3.16E-012,6.80E-012,5.57E-007,0.2002671693
1.0050083473,9.7990713324,1.34E-007,1.65E-013,3.03E-015,4.72E-012,3.16E-012,6.80E-012,5.59E-007,0.2009279746
1.0083472454,9.7984105698,1.34E-007,1.65E-013,3.03E-015,4.72E-012,3.16E-012,6.80E-012,5.61E-007,0.2015887354
1.0116861436,9.7977498517,1.34E-007,1.65E-013,3.03E-015,4.72E-012,3.16E-012,6.80E-012,5.63E-007,0.2022494516
1.0150250417,9.7970891783,1.34E-007,1.65E-013,3.03E-015,4.72E-012,3.16E-012,6.80E-012,5.65E-007,0.2029101232
1.0183639399,9.7964285494,1.34E-007,1.65E-013,3.03E-015,4.71E-012,3.16E-012,6.80E-012,5.66E-007,0.2035707503
1.0217028381,9.795767965,1.34E-007,1.65E-013,3.02E-015,4.71E-012,3.16E-012,6.80E-012,5.68E-007,0.2042313329
1.0250417362,9.7951074252,1.34E-007,1.65E-013,3.02E-015,4.71E-012,3.16E-012,6.80E-012,5.70E-007,0.2048918709
1.0283806344,9.7944469299,1.34E-007,1.65E-013,3.02E-015,4.71E-012,3.16E-012,6.80E-012,5.72E-007,0.2055523643
1.0317195326,9.7937864791,1.34E-007,1.65E-013,3.02E-015,4.71E-012,3.16E-012,6.80E-012,5.74E-007,0.2062128133
1.0350584307,9.7931260729,1.34E-007,1.65E-013,3.02E-015,4.71E-012,3.16E-012,6.80E-012,5.76E-007,0.2068732176
1.0383973289,9.7924657112,1.34E-007,1.65E-013,3.02E-015,4.71E-012,3.16E-012,6.80E-012,5.77E-007,0.2075335775
1.0417362271,9.7918053941,1.34E-007,1.65E-013,3.02E-015,4.71E-012,3.16E-012,6.80E-012,5.79E-007,0.2081938928
1.0450751252,9.7911451214,1.34E-007,1.65E-013,3.02E-015,4.71E-012,3.16E-012,6.80E-012,5.81E-007,0.2088541636
1.0484140234,9.7904848933,1.34E-007,1.65E-013,3.02E-015,4.71E-012,3.16E-012,6.80E-012,5.83E-007,0.2095143899
1.0517529215,9.7898247097,1.34E-007,1.65E-013,3.02E-015,4.71E-012,3.16E-012,6.80E-012,5.85E-007,0.2101745717
1.0550918197,9.7891645707,1.34E-007,1.65E-013,3.02E-015,4.71E-012,3.16E-012,6.80E-012,5.87E-007,0.2108347089
1.0584307179,9.7885044761,1.34E-007,1.65E-013,3.02E-015,4.71E-012,3.16E-012,6.80E-012,5.88E-007,0.2114948016
1.061769616,9.7878444261,1.34E-007,1.65E-013,3.02E-015,4.71E-012,3.16E-012,6.80E-012,5.90E-007,0.2121548498
1.0651085142,9.7871844205,1.34E-007,1.65E-013,3.02E-015,4.71E-012,3.16E-012,6.80E-012,5.92E-007,0.2128148536
1.0684474124,9.7865244595,1.34E-007,1.65E-013,3.02E-015,4.71E-012,3.16E-012,6.79E-012,5.94E-007,0.2134748128
1.0717863105,9.785864543,1.34E-007,1.65E-013,3.02E-015,4.71E-012,3.16E-012,6.79E-012,5.96E-007,0.2141347275
1.0751252087,9.7852046709,1.34E-007,1.65E-013,3.02E-015,4.71E-012,3.16E-012,6.79E-012,5.98E-007,0.2147945977
1.0784641068,9.7845448434,1.34E-007,1.65E-013,3.02E-015,4.71E-012,3.16E-012,6.79E-012,5.99E-007,0.2154544234
1.081803005,9.7838850604,1.34E-007,1.65E-013,3.02E-015,4.71E-012,3.16E-012,6.79E-012,6.01E-007,0.2161142046
1.0851419032,9.7832253218,1.34E-007,1.65E-013,3.02E-015,4.71E-012,3.16E-012,6.79E-012,6.03E-007,0.2167739413
1.0884808013,9.7825656277,1.34E-007,1.65E-013,3.02E-015,4.71E-012,3.16E-012,6.79E-012,6.05E-007,0.2174336336
1.0918196995,9.7819059782,1.34E-007,1.65E-013,3.02E-015,4.71E-012,3.16E-012,6.79E-012,6.07E-007,0.2180932813
1.0951585977,9.7812463731,1.34E-007,1.65E-013,3.02E-015,4.71E-012,3.16E-012,6.79E-012,6.09E-007,0.2187528846
1.0984974958,9.7805868124,1.34E-007,1.65E-013,3.02E-015,4.71E-012,3.16E-012,6.79E-012,6.10E-007,0.2194124434
1.101836394,9.7799272963,1.34E-007,1.65E-013,3.02E-015,4.71E-012,3.15E-012,6.79E-012,6.12E-007,0.2200719577
1.1051752922,9.7792678246,1.34E-007,1.65E-013,3.02E-015,4.71E-012,3.15E-012,6.79E-012,6.14E-007,0.2207314276
1.1085141903,9.7786083974,1.34E-007,1.65E-013,3.02E-015,4.71E-012,3.15E-012,6.79E-012,6.16E-007,0.2213908529
1.1118530885,9.7779490147,1.34E-007,1.65E-013,3.02E-015,4.71E-012,3.15E-012,6.79E-012,6.18E-007,0.2220502339
1.1151919866,9.7772896764,1.34E-007,1.65E-013,3.02E-015,4.71E-012,3.15E-012,6.79E-012,6.20E-007,0.2227095703
1.1185308848,9.7766303826,1.34E-007,1.65E-013,3.02E-015,4.71E-012,3.15E-012,6.79E-012,6.21E-007,0.2233688623
1.121869783,9.7759711332,1.34E-007,1.65E-013,3.02E-015,4.71E-012,3.15E-012,6.79E-012,6.23E-007,0.2240281098
1.1252086811,9.7753119283,1.34E-007,1.65E-013,3.02E-015,4.71E-012,3.15E-012,6.79E-012,6.25E-007,0.2246873129
1.1285475793,9.7746527679,1.34E-007,1.65E-013,3.02E-015,4.71E-012,3.15E-012,6.79E-012,6.27E-007,0.2253464715
1.1318864775,9.7739936519,1.34E-007,1.65E-013,3.02E-015,4.71E-012,3.15E-012,6.79E-012,6.29E-007,0.2260055857
1.1352253756,9.7733345803,1.34E-007,1.65E-013,3.02E-015,4.70E-012,3.15E-012,6.79E-012,6.31E-007,0.2266646555
1.1385642738,9.7726755532,1.34E-007,1.65E-013,3.02E-015,4.70E-012,3.15E-012,6.79E-012,6.32E-007,0.2273236808
1.141903172,9.7720165705,1.34E-007,1.65E-013,3.02E-015,4.70E-012,3.15E-012,6.78E-012,6.34E-007,0.2279826616
1.1452420701,9.7713576322,1.34E-007,1.65E-013,3.02E-015,4.70E-012,3.15E-012,6.78E-012,6.36E-007,0.228641598
1.1485809683,9.7706987384,1.34E-007,1.65E-013,3.02E-015,4.70E-012,3.15E-012,6.78E-012,6.38E-007,0.22930049
1.1519198664,9.7700398891,1.34E-007,1.65E-013,3.02E-015,4.70E-012,3.15E-012,6.78E-012,6.40E-007,0.2299593376
1.1552587646,9.7693810841,1.34E-007,1.65E-013,3.02E-015,4.70E-012,3.15E-012,6.78E-012,6.42E-007,0.2306181407
1.1585976628,9.7687223236,1.34E-007,1.65E-013,3.02E-015,4.70E-012,3.15E-012,6.78E-012,6.43E-007,0.2312768994
1.1619365609,9.7680636075,1.34E-007,1.65E-013,3.02E-015,4.70E-012,3.15E-012,6.78E-012,6.45E-007,0.2319356137
1.1652754591,9.7674049358,1.34E-007,1.65E-013,3.02E-015,4.70E-012,3.15E-012,6.78E-012,6.47E-007,0.2325942836
1.1686143573,9.7667463085,1.34E-007,1.65E-013,3.02E-015,4.70E-012,3.15E-012,6.78E-012,6.49E-007,0.233252909
1.1719532554,9.7660877256,1.34E-007,1.65E-013,3.02E-015,4.70E-012,3.15E-012,6.78E-012,6.51E-007,0.2339114901
1.1752921536,9.7654291872,1.34E-007,1.65E-013,3.02E-015,4.70E-012,3.15E-012,6.78E-012,6.53E-007,0.2345700267
1.1786310518,9.7647706931,1.34E-007,1.65E-013,3.02E-015,4.70E-012,3.15E-012,6.78E-012,6.54E-007,0.2352285189
1.1819699499,9.7641122435,1.34E-007,1.65E-013,3.02E-015,4.70E-012,3.15E-012,6.78E-012,6.56E-007,0.2358869667
1.1853088481,9.7634538382,1.34E-007,1.65E-013,3.01E-015,4.70E-012,3.15E-012,6.78E-012,6.58E-007,0.2365453702
1.1886477462,9.7627954774,1.34E-007,1.65E-013,3.01E-015,4.70E-012,3.15E-012,6.78E-012,6.60E-007,0.2372037292
1.1919866444,9.7621371609,1.34E-007,1.64E-013,3.01E-015,4.70E-012,3.15E-012,6.78E-012,6.62E-007,0.2378620438
1.1953255426,9.7614788889,1.34E-007,1.64E-013,3.01E-015,4.70E-012,3.15E-012,6.78E-012,6.64E-007,0.2385203141
1.1986644407,9.7608206612,1.33E-007,1.64E-013,3.01E-015,4.70E-012,3.15E-012,6.78E-012,6.65E-007,0.2391785399
1.2020033389,9.7601624779,1.33E-007,1.64E-013,3.01E-015,4.70E-012,3.15E-012,6.78E-012,6.67E-007,0.2398367214
1.2053422371,9.759504339,1.33E-007,1.64E-013,3.01E-015,4.70E-012,3.15E-012,6.78E-012,6.69E-007,0.2404948585
1.2086811352,9.7588462445,1.33E-007,1.64E-013,3.01E-015,4.70E-012,3.15E-012,6.78E-012,6.71E-007,0.2411529512
1.2120200334,9.7581881943,1.33E-007,1.64E-013,3.01E-015,4.70E-012,3.15E-012,6.78E-012,6.73E-007,0.2418109995
1.2153589316,9.7575301885,1.33E-007,1.64E-013,3.01E-015,4.70E-012,3.15E-012,6.77E-012,6.75E-007,0.2424690035
1.2186978297,9.7568722271,1.33E-007,1.64E-013,3.01E-015,4.70E-012,3.15E-012,6.77E-012,6.76E-007,0.2431269631
1.2220367279,9.7562143101,1.33E-007,1.64E-013,3.01E-015,4.70E-012,3.15E-012,6.77E-012,6.78E-007,0.2437848783
1.225375626,9.7555564374,1.33E-007,1.64E-013,3.01E-015,4.70E-012,3.15E-012,6.77E-012,6.80E-007,0.2444427492
1.2287145242,9.7548986091,1.33E-007,1.64E-013,3.01E-015,4.70E-012,3.15E-012,6.77E-012,6.82E-007,0.2451005757
1.2320534224,9.7542408251,1.33E-007,1.64E-013,3.01E-015,4.70E-012,3.15E-012,6.77E-012,6.84E-007,0.2457583578
1.2353923205,9.7535830855,1.33E-007,1.64E-013,3.01E-015,4.70E-012,3.15E-012,6.77E-012,6.86E-007,0.2464160956
1.2387312187,9.7529253902,1.33E-007,1.64E-013,3.01E-015,4.69E-012,3.15E-012,6.77E-012,6.87E-007,0.247073789
1.2420701169,9.7522677393,1.33E-007,1.64E-013,3.01E-015,4.69E-012,3.15E-012,6.77E-012,6.89E-007,0.2477314381
1.245409015,9.7516101328,1.33E-007,1.64E-013,3.01E-015,4.69E-012,3.15E-012,6.77E-012,6.91E-007,0.2483890429
1.2487479132,9.7509525705,1.33E-007,1.64E-013,3.01E-015,4.69E-012,3.15E-012,6.77E-012,6.93E-007,0.2490466032
1.2520868114,9.7502950527,1.33E-007,1.64E-013,3.01E-015,4.69E-012,3.15E-012,6.77E-012,6.95E-007,0.2497041193
1.2554257095,9.7496375792,1.33E-007,1.64E-013,3.01E-015,4.69E-012,3.15E-012,6.77E-012,6.97E-007,0.250361591
1.2587646077,9.74898015,1.33E-007,1.64E-013,3.01E-015,4.69E-012,3.14E-012,6.77E-012,6.98E-007,0.2510190183
1.2621035058,9.7483227652,1.33E-007,1.64E-013,3.01E-015,4.69E-012,3.14E-012,6.77E-012,7.00E-007,0.2516764013
1.265442404,9.7476654247,1.33E-007,1.64E-013,3.01E-015,4.69E-012,3.14E-012,6.77E-012,7.02E-007,0.25233374
1.2687813022,9.7470081285,1.33E-007,1.64E-013,3.01E-015,4.69E-012,3.14E-012,6.77E-012,7.04E-007,0.2529910344
1.2721202003,9.7463508766,1.33E-007,1.64E-013,3.01E-015,4.69E-012,3.14E-012,6.77E-012,7.06E-007,0.2536482844
1.2754590985,9.7456936691,1.33E-007,1.64E-013,3.01E-015,4.69E-012,3.14E-012,6.77E-012,7.07E-007,0.2543054902
1.2787979967,9.7450365059,1.33E-007,1.64E-013,3.01E-015,4.69E-012,3.14E-012,6.77E-012,7.09E-007,0.2549626516
1.2821368948,9.7443793869,1.33E-007,1.64E-013,3.01E-015,4.69E-012,3.14E-012,6.77E-012,7.11E-007,0.2556197686
1.285475793,9.7437223124,1.33E-007,1.64E-013,3.01E-015,4.69E-012,3.14E-012,6.77E-012,7.13E-007,0.2562768414
1.2888146912,9.7430652821,1.33E-007,1.64E-013,3.01E-015,4.69E-012,3.14E-012,6.76E-012,7.15E-007,0.2569338699
1.2921535893,9.7424082961,1.33E-007,1.64E-013,3.01E-015,4.69E-012,3.14E-012,6.76E-012,7.17E-007,0.2575908541
1.2954924875,9.7417513544,1.33E-007,1.64E-013,3.01E-015,4.69E-012,3.14E-012,6.76E-012,7.18E-007,0.2582477939
1.2988313856,9.741094457,1.33E-007,1.64E-013,3.01E-015,4.69E-012,3.14E-012,6.76E-012,7.20E-007,0.2589046895
1.3021702838,9.7404376039,1.33E-007,1.64E-013,3.01E-015,4.69E-012,3.14E-012,6.76E-012,7.22E-007,0.2595615408
1.305509182,9.7397807951,1.33E-007,1.64E-013,3.01E-015,4.69E-012,3.14E-012,6.76E-012,7.24E-007,0.2602183477
1.3088480801,9.7391240306,1.33E-007,1.64E-013,3.01E-015,4.69E-012,3.14E-012,6.76E-012,7.26E-007,0.2608751104
1.3121869783,9.7384673104,1.33E-007,1.64E-013,3.01E-015,4.69E-012,3.14E-012,6.76E-012,7.28E-007,0.2615318288
1.3155258765,9.7378106345,1.33E-007,1.64E-013,3.01E-015,4.69E-012,3.14E-012,6.76E-012,7.29E-007,0.2621885029
1.3188647746,9.7371540028,1.33E-007,1.64E-013,3.01E-015,4.69E-012,3.14E-012,6.76E-012,7.31E-007,0.2628451328
1.3222036728,9.7364974154,1.33E-007,1.64E-013,3.01E-015,4.69E-012,3.14E-012,6.76E-012,7.33E-007,0.2635017183
1.325542571,9.7358408723,1.33E-007,1.64E-013,3.01E-015,4.69E-012,3.14E-012,6.76E-012,7.35E-007,0.2641582596
1.3288814691,9.7351843735,1.33E-007,1.64E-013,3.01E-015,4.69E-012,3.14E-012,6.76E-012,7.37E-007,0.2648147566
1.3322203673,9.734527919,1.33E-007,1.64E-013,3.01E-015,4.69E-012,3.14E-012,6.76E-012,7.39E-007,0.2654712094
1.3355592654,9.7338715087,1.33E-007,1.64E-013,3.01E-015,4.69E-012,3.14E-012,6.76E-012,7.40E-007,0.2661276178
1.3388981636,9.7332151426,1.33E-007,1.64E-013,3.01E-015,4.69E-012,3.14E-012,6.76E-012,7.42E-007,0.266783982
1.3422370618,9.7325588209,1.33E-007,1.64E-013,3.01E-015,4.69E-012,3.14E-012,6.76E-012,7.44E-007,0.267440302
1.3455759599,9.7319025434,1.33E-007,1.64E-013,3.01E-015,4.68E-012,3.14E-012,6.76E-012,7.46E-007,0.2680965777
1.3489148581,9.7312463101,1.33E-007,1.64E-013,3.01E-015,4.68E-012,3.14E-012,6.76E-012,7.48E-007,0.2687528091
1.3522537563,9.7305901211,1.33E-007,1.64E-013,3.00E-015,4.68E-012,3.14E-012,6.76E-012,7.50E-007,0.2694089963
1.3555926544,9.7299339763,1.33E-007,1.64E-013,3.00E-015,4.68E-012,3.14E-012,6.76E-012,7.51E-007,0.2700651393
1.3589315526,9.7292778758,1.33E-007,1.64E-013,3.00E-015,4.68E-012,3.14E-012,6.76E-012,7.53E-007,0.270721238
1.3622704508,9.7286218195,1.33E-007,1.64E-013,3.00E-015,4.68E-012,3.14E-012,6.75E-012,7.55E-007,0.2713772924
1.3656093489,9.7279658075,1.33E-007,1.64E-013,3.00E-015,4.68E-012,3.14E-012,6.75E-012,7.57E-007,0.2720333027
1.3689482471,9.7273098397,1.33E-007,1.64E-013,3.00E-015,4.68E-012,3.14E-012,6.75E-012,7.59E-007,0.2726892686
1.3722871452,9.7266539161,1.33E-007,1.64E-013,3.00E-015,4.68E-012,3.14E-012,6.75E-012,7.60E-007,0.2733451904
1.3756260434,9.7259980368,1.33E-007,1.64E-013,3.00E-015,4.68E-012,3.14E-012,6.75E-012,7.62E-007,0.2740010679
1.3789649416,9.7253422017,1.33E-007,1.64E-013,3.00E-015,4.68E-012,3.14E-012,6.75E-012,7.64E-007,0.2746569012
1.3823038397,9.7246864108,1.33E-007,1.64E-013,3.00E-015,4.68E-012,3.14E-012,6.75E-012,7.66E-007,0.2753126903
1.3856427379,9.7240306641,1.33E-007,1.64E-013,3.00E-015,4.68E-012,3.14E-012,6.75E-012,7.68E-007,0.2759684351
1.3889816361,9.7233749617,1.33E-007,1.64E-013,3.00E-015,4.68E-012,3.14E-012,6.75E-012,7.70E-007,0.2766241358
1.3923205342,9.7227193035,1.33E-007,1.64E-013,3.00E-015,4.68E-012,3.14E-012,6.75E-012,7.71E-007,0.2772797922
1.3956594324,9.7220636894,1.33E-007,1.64E-013,3.00E-015,4.68E-012,3.14E-012,6.75E-012,7.73E-007,0.2779354044
1.3989983306,9.7214081196,1.33E-007,1.64E-013,3.00E-015,4.68E-012,3.14E-012,6.75E-012,7.75E-007,0.2785909724
1.4023372287,9.720752594,1.33E-007,1.64E-013,3.00E-015,4.68E-012,3.14E-012,6.75E-012,7.77E-007,0.2792464962
1.4056761269,9.7200971126,1.33E-007,1.64E-013,3.00E-015,4.68E-012,3.14E-012,6.75E-012,7.79E-007,0.2799019758
1.409015025,9.7194416754,1.33E-007,1.64E-013,3.00E-015,4.68E-012,3.14E-012,6.75E-012,7.81E-007,0.2805574111
1.4123539232,9.7187862824,1.33E-007,1.64E-013,3.00E-015,4.68E-012,3.14E-012,6.75E-012,7.82E-007,0.2812128023
1.4156928214,9.7181309336,1.33E-007,1.64E-013,3.00E-015,4.68E-012,3.13E-012,6.75E-012,7.84E-007,0.2818681493
1.4190317195,9.717475629,1.33E-007,1.64E-013,3.00E-015,4.68E-012,3.13E-012,6.75E-012,7.86E-007,0.2825234521
1.4223706177,9.7168203685,1.33E-007,1.64E-013,3.00E-015,4.68E-012,3.13E-012,6.75E-012,7.88E-007,0.2831787108
1.4257095159,9.7161651523,1.33E-007,1.64E-013,3.00E-015,4.68E-012,3.13E-012,6.75E-012,7.90E-007,0.2838339252
1.429048414,9.7155099802,1.33E-007,1.64E-013,3.00E-015,4.68E-012,3.13E-012,6.75E-012,7.91E-007,0.2844890954
1.4323873122,9.7148548524,1.33E-007,1.64E-013,3.00E-015,4.68E-012,3.13E-012,6.75E-012,7.93E-007,0.2851442215
1.4357262104,9.7141997686,1.33E-007,1.64E-013,3.00E-015,4.68E-012,3.13E-012,6.74E-012,7.95E-007,0.2857993034
1.4390651085,9.7135447291,1.33E-007,1.64E-013,3.00E-015,4.68E-012,3.13E-012,6.74E-012,7.97E-007,0.2864543411
1.4424040067,9.7128897337,1.33E-007,1.64E-013,3.00E-015,4.68E-012,3.13E-012,6.74E-012,7.99E-007,0.2871093347
1.4457429048,9.7122347825,1.33E-007,1.64E-013,3.00E-015,4.68E-012,3.13E-012,6.74E-012,8.01E-007,0.2877642841
1.449081803,9.7115798755,1.33E-007,1.64E-013,3.00E-015,4.68E-012,3.13E-012,6.74E-012,8.02E-007,0.2884191893
1.4524207012,9.7109250126,1.33E-007,1.64E-013,3.00E-015,4.67E-012,3.13E-012,6.74E-012,8.04E-007,0.2890740503
1.4557595993,9.7102701939,1.33E-007,1.64E-013,3.00E-015,4.67E-012,3.13E-012,6.74E-012,8.06E-007,0.2897288673
1.4590984975,9.7096154194,1.33E-007,1.64E-013,3.00E-015,4.67E-012,3.13E-012,6.74E-012,8.08E-007,0.29038364
1.4624373957,9.7089606889,1.33E-007,1.64E-013,3.00E-015,4.67E-012,3.13E-012,6.74E-012,8.10E-007,0.2910383686
1.4657762938,9.7083060027,1.33E-007,1.64E-013,3.00E-015,4.67E-012,3.13E-012,6.74E-012,8.11E-007,0.291693053
1.469115192,9.7076513606,1.33E-007,1.64E-013,3.00E-015,4.67E-012,3.13E-012,6.74E-012,8.13E-007,0.2923476933
1.4724540902,9.7069967626,1.33E-007,1.64E-013,3.00E-015,4.67E-012,3.13E-012,6.74E-012,8.15E-007,0.2930022895
1.4757929883,9.7063422088,1.33E-007,1.64E-013,3.00E-015,4.67E-012,3.13E-012,6.74E-012,8.17E-007,0.2936568415
1.4791318865,9.7056876991,1.33E-007,1.64E-013,3.00E-015,4.67E-012,3.13E-012,6.74E-012,8.19E-007,0.2943113494
1.4824707846,9.7050332335,1.33E-007,1.64E-013,3.00E-015,4.67E-012,3.13E-012,6.74E-012,8.21E-007,0.2949658132
1.4858096828,9.7043788121,1.33E-007,1.64E-013,3.00E-015,4.67E-012,3.13E-012,6.74E-012,8.22E-007,0.2956202328
1.489148581,9.7037244348,1.33E-007,1.64E-013,3.00E-015,4.67E-012,3.13E-012,6.74E-012,8.24E-007,0.2962746083
1.4924874791,9.7030701016,1.33E-007,1.63E-013,3.00E-015,4.67E-012,3.13E-012,6.74E-012,8.26E-007,0.2969289396
1.4958263773,9.7024158126,1.33E-007,1.63E-013,3.00E-015,4.67E-012,3.13E-012,6.74E-012,8.28E-007,0.2975832269
1.4991652755,9.7017615676,1.33E-007,1.63E-013,3.00E-015,4.67E-012,3.13E-012,6.74E-012,8.30E-007,0.29823747
1.5025041736,9.7011073668,1.33E-007,1.63E-013,3.00E-015,4.67E-012,3.13E-012,6.74E-012,8.32E-007,0.298891669
1.5058430718,9.7004532101,1.33E-007,1.63E-013,3.00E-015,4.67E-012,3.13E-012,6.74E-012,8.33E-007,0.2995458239
1.50918197,9.6997990975,1.33E-007,1.63E-013,3.00E-015,4.67E-012,3.13E-012,6.73E-012,8.35E-007,0.3001999347
1.5125208681,9.699145029,1.33E-007,1.63E-013,3.00E-015,4.67E-012,3.13E-012,6.73E-012,8.37E-007,0.3008540013
1.5158597663,9.6984910046,1.33E-007,1.63E-013,2.99E-015,4.67E-012,3.13E-012,6.73E-012,8.39E-007,0.3015080239
1.5191986644,9.6978370244,1.33E-007,1.63E-013,2.99E-015,4.67E-012,3.13E-012,6.73E-012,8.41E-007,0.3021620024
1.5225375626,9.6971830882,1.33E-007,1.63E-013,2.99E-015,4.67E-012,3.13E-012,6.73E-012,8.42E-007,0.3028159368
1.5258764608,9.6965291961,1.33E-007,1.63E-013,2.99E-015,4.67E-012,3.13E-012,6.73E-012,8.44E-007,0.303469827
1.5292153589,9.6958753481,1.33E-007,1.63E-013,2.99E-015,4.67E-012,3.13E-012,6.73E-012,8.46E-007,0.3041236732
1.5325542571,9.6952215442,1.33E-007,1.63E-013,2.99E-015,4.67E-012,3.13E-012,6.73E-012,8.48E-007,0.3047774753
1.5358931553,9.6945677844,1.33E-007,1.63E-013,2.99E-015,4.67E-012,3.13E-012,6.73E-012,8.50E-007,0.3054312333
1.5392320534,9.6939140686,1.33E-007,1.63E-013,2.99E-015,4.67E-012,3.13E-012,6.73E-012,8.52E-007,0.3060849473
1.5425709516,9.693260397,1.33E-007,1.63E-013,2.99E-015,4.67E-012,3.13E-012,6.73E-012,8.53E-007,0.3067386171
1.5459098498,9.6926067694,1.33E-007,1.63E-013,2.99E-015,4.67E-012,3.13E-012,6.73E-012,8.55E-007,0.3073922429
1.5492487479,9.6919531859,1.33E-007,1.63E-013,2.99E-015,4.67E-012,3.13E-012,6.73E-012,8.57E-007,0.3080458246
1.5525876461,9.6912996464,1.33E-007,1.63E-013,2.99E-015,4.67E-012,3.13E-012,6.73E-012,8.59E-007,0.3086993622
1.5559265442,9.6906461511,1.33E-007,1.63E-013,2.99E-015,4.66E-012,3.13E-012,6.73E-012,8.61E-007,0.3093528558
1.5592654424,9.6899926998,1.33E-007,1.63E-013,2.99E-015,4.66E-012,3.13E-012,6.73E-012,8.62E-007,0.3100063053
1.5626043406,9.6893392925,1.33E-007,1.63E-013,2.99E-015,4.66E-012,3.13E-012,6.73E-012,8.64E-007,0.3106597107
1.5659432387,9.6886859293,1.33E-007,1.63E-013,2.99E-015,4.66E-012,3.13E-012,6.73E-012,8.66E-007,0.3113130721
1.5692821369,9.6880326102,1.32E-007,1.63E-013,2.99E-015,4.66E-012,3.13E-012,6.73E-012,8.68E-007,0.3119663894
1.5726210351,9.6873793352,1.32E-007,1.63E-013,2.99E-015,4.66E-012,3.12E-012,6.73E-012,8.70E-007,0.3126196626
1.5759599332,9.6867261041,1.32E-007,1.63E-013,2.99E-015,4.66E-012,3.12E-012,6.73E-012,8.72E-007,0.3132728919
1.5792988314,9.6860729172,1.32E-007,1.63E-013,2.99E-015,4.66E-012,3.12E-012,6.73E-012,8.73E-007,0.313926077
1.5826377296,9.6854197742,1.32E-007,1.63E-013,2.99E-015,4.66E-012,3.12E-012,6.72E-012,8.75E-007,0.3145792181
1.5859766277,9.6847666753,1.32E-007,1.63E-013,2.99E-015,4.66E-012,3.12E-012,6.72E-012,8.77E-007,0.3152323152
1.5893155259,9.6841136205,1.32E-007,1.63E-013,2.99E-015,4.66E-012,3.12E-012,6.72E-012,8.79E-007,0.3158853683
1.592654424,9.6834606097,1.32E-007,1.63E-013,2.99E-015,4.66E-012,3.12E-012,6.72E-012,8.81E-007,0.3165383773
1.5959933222,9.6828076429,1.32E-007,1.63E-013,2.99E-015,4.66E-012,3.12E-012,6.72E-012,8.82E-007,0.3171913422
1.5993322204,9.6821547201,1.32E-007,1.63E-013,2.99E-015,4.66E-012,3.12E-012,6.72E-012,8.84E-007,0.3178442632
1.6026711185,9.6815018414,1.32E-007,1.63E-013,2.99E-015,4.66E-012,3.12E-012,6.72E-012,8.86E-007,0.3184971401
1.6060100167,9.6808490067,1.32E-007,1.63E-013,2.99E-015,4.66E-012,3.12E-012,6.72E-012,8.88E-007,0.319149973
1.6093489149,9.680196216,1.32E-007,1.63E-013,2.99E-015,4.66E-012,3.12E-012,6.72E-012,8.90E-007,0.3198027619
1.612687813,9.6795434694,1.32E-007,1.63E-013,2.99E-015,4.66E-012,3.12E-012,6.72E-012,8.92E-007,0.3204555067
1.6160267112,9.6788907667,1.32E-007,1.63E-013,2.99E-015,4.66E-012,3.12E-012,6.72E-012,8.93E-007,0.3211082076
1.6193656094,9.6782381081,1.32E-007,1.63E-013,2.99E-015,4.66E-012,3.12E-012,6.72E-012,8.95E-007,0.3217608644
1.6227045075,9.6775854934,1.32E-007,1.63E-013,2.99E-015,4.66E-012,3.12E-012,6.72E-012,8.97E-007,0.3224134772
1.6260434057,9.6769329228,1.32E-007,1.63E-013,2.99E-015,4.66E-012,3.12E-012,6.72E-012,8.99E-007,0.3230660461
1.6293823038,9.6762803962,1.32E-007,1.63E-013,2.99E-015,4.66E-012,3.12E-012,6.72E-012,9.01E-007,0.3237185709
1.632721202,9.6756279136,1.32E-007,1.63E-013,2.99E-015,4.66E-012,3.12E-012,6.72E-012,9.02E-007,0.3243710517
1.6360601002,9.6749754749,1.32E-007,1.63E-013,2.99E-015,4.66E-012,3.12E-012,6.72E-012,9.04E-007,0.3250234885
1.6393989983,9.6743230803,1.32E-007,1.63E-013,2.99E-015,4.66E-012,3.12E-012,6.72E-012,9.06E-007,0.3256758814
1.6427378965,9.6736707296,1.32E-007,1.63E-013,2.99E-015,4.66E-012,3.12E-012,6.72E-012,9.08E-007,0.3263282302
1.6460767947,9.673018423,1.32E-007,1.63E-013,2.99E-015,4.66E-012,3.12E-012,6.72E-012,9.10E-007,0.326980535
1.6494156928,9.6723661603,1.32E-007,1.63E-013,2.99E-015,4.66E-012,3.12E-012,6.72E-012,9.11E-007,0.3276327959
1.652754591,9.6717139416,1.32E-007,1.63E-013,2.99E-015,4.66E-012,3.12E-012,6.72E-012,9.13E-007,0.3282850128
1.6560934892,9.6710617669,1.32E-007,1.63E-013,2.99E-015,4.66E-012,3.12E-012,6.71E-012,9.15E-007,0.3289371857
1.6594323873,9.6704096362,1.32E-007,1.63E-013,2.99E-015,4.66E-012,3.12E-012,6.71E-012,9.17E-007,0.3295893146
1.6627712855,9.6697575494,1.32E-007,1.63E-013,2.99E-015,4.65E-012,3.12E-012,6.71E-012,9.19E-007,0.3302413996
1.6661101836,9.6691055066,1.32E-007,1.63E-013,2.99E-015,4.65E-012,3.12E-012,6.71E-012,9.21E-007,0.3308934406
1.6694490818,9.6684535078,1.32E-007,1.63E-013,2.99E-015,4.65E-012,3.12E-012,6.71E-012,9.22E-007,0.3315454376
1.67278798,9.6678015529,1.32E-007,1.63E-013,2.99E-015,4.65E-012,3.12E-012,6.71E-012,9.24E-007,0.3321973907
1.6761268781,9.667149642,1.32E-007,1.63E-013,2.99E-015,4.65E-012,3.12E-012,6.71E-012,9.26E-007,0.3328492998
1.6794657763,9.6664977751,1.32E-007,1.63E-013,2.99E-015,4.65E-012,3.12E-012,6.71E-012,9.28E-007,0.3335011649
1.6828046745,9.6658459521,1.32E-007,1.63E-013,2.98E-015,4.65E-012,3.12E-012,6.71E-012,9.30E-007,0.3341529861
1.6861435726,9.6651941732,1.32E-007,1.63E-013,2.98E-015,4.65E-012,3.12E-012,6.71E-012,9.31E-007,0.3348047632
1.6894824708,9.6645424382,1.32E-007,1.63E-013,2.98E-015,4.65E-012,3.12E-012,6.71E-012,9.33E-007,0.3354564964
1.692821369,9.6638907471,1.32E-007,1.63E-013,2.98E-015,4.65E-012,3.12E-012,6.71E-012,9.35E-007,0.3361081856
1.6961602671,9.6632391,1.32E-007,1.63E-013,2.98E-015,4.65E-012,3.12E-012,6.71E-012,9.37E-007,0.3367598309
1.6994991653,9.6625874969,1.32E-007,1.63E-013,2.98E-015,4.65E-012,3.12E-012,6.71E-012,9.39E-007,0.3374114323
1.7028380634,9.6619359377,1.32E-007,1.63E-013,2.98E-015,4.65E-012,3.12E-012,6.71E-012,9.41E-007,0.3380629897
1.7061769616,9.6612844224,1.32E-007,1.63E-013,2.98E-015,4.65E-012,3.12E-012,6.71E-012,9.42E-007,0.3387145032
1.7095158598,9.660632951,1.32E-007,1.63E-013,2.98E-015,4.65E-012,3.12E-012,6.71E-012,9.44E-007,0.3393659727
1.7128547579,9.6599815236,1.32E-007,1.63E-013,2.98E-015,4.65E-012,3.12E-012,6.71E-012,9.46E-007,0.3400173983
1.7161936561,9.6593301401,1.32E-007,1.63E-013,2.98E-015,4.65E-012,3.12E-012,6.71E-012,9.48E-007,0.34066878
1.7195325543,9.6586788006,1.32E-007,1.63E-013,2.98E-015,4.65E-012,3.12E-012,6.71E-012,9.50E-007,0.3413201178
1.7228714524,9.6580275049,1.32E-007,1.63E-013,2.98E-015,4.65E-012,3.12E-012,6.71E-012,9.51E-007,0.3419714116
1.7262103506,9.6573762532,1.32E-007,1.63E-013,2.98E-015,4.65E-012,3.12E-012,6.71E-012,9.53E-007,0.3426226615
1.7295492488,9.6567250454,1.32E-007,1.63E-013,2.98E-015,4.65E-012,3.12E-012,6.70E-012,9.55E-007,0.3432738675
1.7328881469,9.6560738815,1.32E-007,1.63E-013,2.98E-015,4.65E-012,3.11E-012,6.70E-012,9.57E-007,0.3439250296
1.7362270451,9.6554227615,1.32E-007,1.63E-013,2.98E-015,4.65E-012,3.11E-012,6.70E-012,9.59E-007,0.3445761478
1.7395659432,9.6547716854,1.32E-007,1.63E-013,2.98E-015,4.65E-012,3.11E-012,6.70E-012,9.60E-007,0.3452272221
1.7429048414,9.6541206532,1.32E-007,1.63E-013,2.98E-015,4.65E-012,3.11E-012,6.70E-012,9.62E-007,0.3458782525
1.7462437396,9.6534696649,1.32E-007,1.63E-013,2.98E-015,4.65E-012,3.11E-012,6.70E-012,9.64E-007,0.346529239
1.7495826377,9.6528187206,1.32E-007,1.63E-013,2.98E-015,4.65E-012,3.11E-012,6.70E-012,9.66E-007,0.3471801816
1.7529215359,9.6521678201,1.32E-007,1.63E-013,2.98E-015,4.65E-012,3.11E-012,6.70E-012,9.68E-007,0.3478310802
1.7562604341,9.6515169635,1.32E-007,1.63E-013,2.98E-015,4.65E-012,3.11E-012,6.70E-012,9.69E-007,0.348481935
1.7595993322,9.6508661508,1.32E-007,1.63E-013,2.98E-015,4.65E-012,3.11E-012,6.70E-012,9.71E-007,0.3491327459
1.7629382304,9.6502153819,1.32E-007,1.63E-013,2.98E-015,4.65E-012,3.11E-012,6.70E-012,9.73E-007,0.349783513
1.7662771286,9.649564657,1.32E-007,1.63E-013,2.98E-015,4.65E-012,3.11E-012,6.70E-012,9.75E-007,0.3504342361
1.7696160267,9.6489139759,1.32E-007,1.63E-013,2.98E-015,4.64E-012,3.11E-012,6.70E-012,9.77E-007,0.3510849154
1.7729549249,9.6482633387,1.32E-007,1.63E-013,2.98E-015,4.64E-012,3.11E-012,6.70E-012,9.79E-007,0.3517355508
1.776293823,9.6476127454,1.32E-007,1.63E-013,2.98E-015,4.64E-012,3.11E-012,6.70E-012,9.80E-007,0.3523861423
1.7796327212,9.646962196,1.32E-007,1.63E-013,2.98E-015,4.64E-012,3.11E-012,6.70E-012,9.82E-007,0.3530366899
1.7829716194,9.6463116904,1.32E-007,1.63E-013,2.98E-015,4.64E-012,3.11E-012,6.70E-012,9.84E-007,0.3536871937
1.7863105175,9.6456612287,1.32E-007,1.63E-013,2.98E-015,4.64E-012,3.11E-012,6.70E-012,9.86E-007,0.3543376536
1.7896494157,9.6450108109,1.32E-007,1.63E-013,2.98E-015,4.64E-012,3.11E-012,6.70E-012,9.88E-007,0.3549880697
1.7929883139,9.6443604369,1.32E-007,1.63E-013,2.98E-015,4.64E-012,3.11E-012,6.70E-012,9.89E-007,0.3556384418
1.796327212,9.6437101067,1.32E-007,1.62E-013,2.98E-015,4.64E-012,3.11E-012,6.70E-012,9.91E-007,0.3562887702
1.7996661102,9.6430598204,1.32E-007,1.62E-013,2.98E-015,4.64E-012,3.11E-012,6.70E-012,9.93E-007,0.3569390547
1.8030050084,9.642409578,1.32E-007,1.62E-013,2.98E-015,4.64E-012,3.11E-012,6.69E-012,9.95E-007,0.3575892953
1.8063439065,9.6417593794,1.32E-007,1.62E-013,2.98E-015,4.64E-012,3.11E-012,6.69E-012,9.97E-007,0.3582394921
1.8096828047,9.6411092247,1.32E-007,1.62E-013,2.98E-015,4.64E-012,3.11E-012,6.69E-012,9.98E-007,0.358889645
1.8130217028,9.6404591138,1.32E-007,1.62E-013,2.98E-015,4.64E-012,3.11E-012,6.69E-012,1.00E-006,0.3595397541
1.816360601,9.6398090467,1.32E-007,1.62E-013,2.98E-015,4.64E-012,3.11E-012,6.69E-012,1.00E-006,0.3601898194
1.8196994992,9.6391590235,1.32E-007,1.62E-013,2.98E-015,4.64E-012,3.11E-012,6.69E-012,1.00E-006,0.3608398408
1.8230383973,9.6385090441,1.32E-007,1.62E-013,2.98E-015,4.64E-012,3.11E-012,6.69E-012,1.01E-006,0.3614898184
1.8263772955,9.6378591085,1.32E-007,1.62E-013,2.98E-015,4.64E-012,3.11E-012,6.69E-012,1.01E-006,0.3621397522
1.8297161937,9.6372092168,1.32E-007,1.62E-013,2.98E-015,4.64E-012,3.11E-012,6.69E-012,1.01E-006,0.3627896421
1.8330550918,9.6365593688,1.32E-007,1.62E-013,2.98E-015,4.64E-012,3.11E-012,6.69E-012,1.01E-006,0.3634394883
1.83639399,9.6359095647,1.32E-007,1.62E-013,2.98E-015,4.64E-012,3.11E-012,6.69E-012,1.01E-006,0.3640892906
1.8397328882,9.6352598045,1.32E-007,1.62E-013,2.98E-015,4.64E-012,3.11E-012,6.69E-012,1.01E-006,0.3647390491
1.8430717863,9.634610088,1.32E-007,1.62E-013,2.98E-015,4.64E-012,3.11E-012,6.69E-012,1.02E-006,0.3653887637
1.8464106845,9.6339604153,1.32E-007,1.62E-013,2.97E-015,4.64E-012,3.11E-012,6.69E-012,1.02E-006,0.3660384346
1.8497495826,9.6333107865,1.32E-007,1.62E-013,2.97E-015,4.64E-012,3.11E-012,6.69E-012,1.02E-006,0.3666880616
1.8530884808,9.6326612014,1.32E-007,1.62E-013,2.97E-015,4.64E-012,3.11E-012,6.69E-012,1.02E-006,0.3673376449
1.856427379,9.6320116602,1.32E-007,1.62E-013,2.97E-015,4.64E-012,3.11E-012,6.69E-012,1.02E-006,0.3679871843
1.8597662771,9.6313621627,1.32E-007,1.62E-013,2.97E-015,4.64E-012,3.11E-012,6.69E-012,1.03E-006,0.36863668
1.8631051753,9.6307127091,1.32E-007,1.62E-013,2.97E-015,4.64E-012,3.11E-012,6.69E-012,1.03E-006,0.3692861318
1.8664440735,9.6300632992,1.32E-007,1.62E-013,2.97E-015,4.64E-012,3.11E-012,6.69E-012,1.03E-006,0.3699355399
1.8697829716,9.6294139332,1.32E-007,1.62E-013,2.97E-015,4.64E-012,3.11E-012,6.69E-012,1.03E-006,0.3705849042
1.8731218698,9.6287646109,1.32E-007,1.62E-013,2.97E-015,4.64E-012,3.11E-012,6.69E-012,1.03E-006,0.3712342247
1.876460768,9.6281153324,1.32E-007,1.62E-013,2.97E-015,4.63E-012,3.11E-012,6.68E-012,1.03E-006,0.3718835014
1.8797996661,9.6274660977,1.32E-007,1.62E-013,2.97E-015,4.63E-012,3.11E-012,6.68E-012,1.04E-006,0.3725327343
1.8831385643,9.6268169067,1.32E-007,1.62E-013,2.97E-015,4.63E-012,3.11E-012,6.68E-012,1.04E-006,0.3731819234
1.8864774624,9.6261677596,1.32E-007,1.62E-013,2.97E-015,4.63E-012,3.11E-012,6.68E-012,1.04E-006,0.3738310688
1.8898163606,9.6255186562,1.32E-007,1.62E-013,2.97E-015,4.63E-012,3.10E-012,6.68E-012,1.04E-006,0.3744801704
1.8931552588,9.6248695966,1.32E-007,1.62E-013,2.97E-015,4.63E-012,3.10E-012,6.68E-012,1.04E-006,0.3751292282
1.8964941569,9.6242205807,1.32E-007,1.62E-013,2.97E-015,4.63E-012,3.10E-012,6.68E-012,1.05E-006,0.3757782423
1.8998330551,9.6235716086,1.32E-007,1.62E-013,2.97E-015,4.63E-012,3.10E-012,6.68E-012,1.05E-006,0.3764272125
1.9031719533,9.6229226803,1.32E-007,1.62E-013,2.97E-015,4.63E-012,3.10E-012,6.68E-012,1.05E-006,0.3770761391
1.9065108514,9.6222737957,1.32E-007,1.62E-013,2.97E-015,4.63E-012,3.10E-012,6.68E-012,1.05E-006,0.3777250219
1.9098497496,9.6216249549,1.32E-007,1.62E-013,2.97E-015,4.63E-012,3.10E-012,6.68E-012,1.05E-006,0.3783738609
1.9131886478,9.6209761578,1.32E-007,1.62E-013,2.97E-015,4.63E-012,3.10E-012,6.68E-012,1.05E-006,0.3790226562
1.9165275459,9.6203274045,1.32E-007,1.62E-013,2.97E-015,4.63E-012,3.10E-012,6.68E-012,1.06E-006,0.3796714077
1.9198664441,9.6196786949,1.32E-007,1.62E-013,2.97E-015,4.63E-012,3.10E-012,6.68E-012,1.06E-006,0.3803201155
1.9232053422,9.6190300291,1.32E-007,1.62E-013,2.97E-015,4.63E-012,3.10E-012,6.68E-012,1.06E-006,0.3809687795
1.9265442404,9.618381407,1.32E-007,1.62E-013,2.97E-015,4.63E-012,3.10E-012,6.68E-012,1.06E-006,0.3816173998
1.9298831386,9.6177328286,1.32E-007,1.62E-013,2.97E-015,4.63E-012,3.10E-012,6.68E-012,1.06E-006,0.3822659764
1.9332220367,9.617084294,1.32E-007,1.62E-013,2.97E-015,4.63E-012,3.10E-012,6.68E-012,1.07E-006,0.3829145092
1.9365609349,9.6164358031,1.32E-007,1.62E-013,2.97E-015,4.63E-012,3.10E-012,6.68E-012,1.07E-006,0.3835629983
1.9398998331,9.615787356,1.32E-007,1.62E-013,2.97E-015,4.63E-012,3.10E-012,6.68E-012,1.07E-006,0.3842114436
1.9432387312,9.6151389525,1.32E-007,1.62E-013,2.97E-015,4.63E-012,3.10E-012,6.68E-012,1.07E-006,0.3848598453
1.9465776294,9.6144905928,1.31E-007,1.62E-013,2.97E-015,4.63E-012,3.10E-012,6.68E-012,1.07E-006,0.3855082032
1.9499165276,9.6138422768,1.31E-007,1.62E-013,2.97E-015,4.63E-012,3.10E-012,6.68E-012,1.07E-006,0.3861565174
1.9532554257,9.6131940045,1.31E-007,1.62E-013,2.97E-015,4.63E-012,3.10E-012,6.67E-012,1.08E-006,0.3868047879
1.9565943239,9.6125457759,1.31E-007,1.62E-013,2.97E-015,4.63E-012,3.10E-012,6.67E-012,1.08E-006,0.3874530147
1.959933222,9.6118975911,1.31E-007,1.62E-013,2.97E-015,4.63E-012,3.10E-012,6.67E-012,1.08E-006,0.3881011978
1.9632721202,9.6112494499,1.31E-007,1.62E-013,2.97E-015,4.63E-012,3.10E-012,6.67E-012,1.08E-006,0.3887493371
1.9666110184,9.6106013525,1.31E-007,1.62E-013,2.97E-015,4.63E-012,3.10E-012,6.67E-012,1.08E-006,0.3893974328
1.9699499165,9.6099532987,1.31E-007,1.62E-013,2.97E-015,4.63E-012,3.10E-012,6.67E-012,1.09E-006,0.3900454847
1.9732888147,9.6093052887,1.31E-007,1.62E-013,2.97E-015,4.63E-012,3.10E-012,6.67E-012,1.09E-006,0.390693493
1.9766277129,9.6086573223,1.31E-007,1.62E-013,2.97E-015,4.63E-012,3.10E-012,6.67E-012,1.09E-006,0.3913414576
1.979966611,9.6080093996,1.31E-007,1.62E-013,2.97E-015,4.63E-012,3.10E-012,6.67E-012,1.09E-006,0.3919893784
1.9833055092,9.6073615207,1.31E-007,1.62E-013,2.97E-015,4.62E-012,3.10E-012,6.67E-012,1.09E-006,0.3926372556
1.9866444074,9.6067136854,1.31E-007,1.62E-013,2.97E-015,4.62E-012,3.10E-012,6.67E-012,1.09E-006,0.3932850891
1.9899833055,9.6060658938,1.31E-007,1.62E-013,2.97E-015,4.62E-012,3.10E-012,6.67E-012,1.10E-006,0.3939328789
1.9933222037,9.6054181458,1.31E-007,1.62E-013,2.97E-015,4.62E-012,3.10E-012,6.67E-012,1.10E-006,0.3945806251
1.9966611018,9.6047704416,1.31E-007,1.62E-013,2.97E-015,4.62E-012,3.10E-012,6.67E-012,1.10E-006,0.3952283275
2,9.604122781,1.31E-007,1.62E-013,2.97E-015,4.62E-012,3.10E-012,6.67E-012,1.10E-006,0.3958759863
